{
    "area": [
        "loglinear",
        {
            "const": 30.9327196882,
            "r": 1.15129238952,
            "a": 0.850717323045,
            "kappa": 0.649276089479,
            "delta": 0.0230474479439
        }
    ],
    "betan": [
        "loglinear",
        {
            "const": 2.12251392136,
            "ip": -0.744245918938,
            "bt": -0.500789136329,
            "r": -0.0801914573095,
            "a": 0.940169360075,
            "kappa": 0.0631842786021,
            "delta": 0.121539786296,
            "neped": 0.479291550148,
            "pinj": 0.253332057815,
            "pinj_ei": 0.00454264091686
        }
    ],
    "fbs": [
        "loglinear",
        {
            "const": 0.0329109897217,
            "q95": 0.876965958857,
            "betan": 0.926250450041,
            "neped": -0.10469194658,
            "a": -0.633439892529,
            "r": 0.5906392352,
            "kappa": 0.07601727008,
            "delta": -0.12524827087,
            "pinj_ei": 0.0538507681747
        }
    ],
    "fgw": [
        "loglinear",
        {
            "const": 0.314159,
            "a": 2.0,
            "ip": -1.0,
            "neped": 1.0
        }
    ],
    "ip": [
        "loglinear",
        {
            "const": 6.34155425845,
            "q95": -0.855390133336,
            "bt": 0.895309061632,
            "r": -0.92923856033,
            "a": 1.91854074507,
            "kappa": 1.2714457236,
            "delta": 0.216626593629
        }
    ],
    "neavg": [
        "loglinear",
        {
            "const": 1.21219788951,
            "neped": 0.999937146401
        }
    ],
    "neped": [
        "loglinear",
        {
            "const": 3.183,
            "a": -2.0,
            "ip": 1.0,
            "fgw": 1.0
        }
    ],
    "pped": [
        "loglinear",
        {
            "const": 10.481729956421075,
            "ip": 0.5913285919860705,
            "bt": 0.5836721038453904,
            "neped": 0.5920060814119622,
            "r": -0.3370991885650779,
            "a": -0.03603941722531706,
            "kappa": -0.7095818938805306,
            "delta": 0.7859847929129411,
            "betan": -0.019942005743936994
        }
    ],
    "wped": [
        "loglinear",
        {
            "const": 0.15160842654118703,
            "ip": -0.7477952956384981,
            "bt": 0.3797597187328283,
            "neped": 0.25967243139585944,
            "r": -0.5910760446422674,
            "a": 1.4769927526372388,
            "kappa": 0.7367954179637901,
            "delta": 0.7406139633381926,
            "betan": -0.14080992081933041
        }
    ],
    "taur": [
        "loglinear",
        {
            "const": 0.113316875528,
            "r": 0.81479204651,
            "a": 1.16053131399,
            "neped": -1.29310284618,
            "pmhd": 1.388131049
        }
    ],
    "tea": [
        "loglinear",
        {
            "const": 2.40082678532,
            "ip": 0.275778159369,
            "bt": 0.520728189805,
            "r": -0.0588450492594,
            "a": -0.145284770177,
            "kappa": 0.0648092550459,
            "delta": 0.0690091463308,
            "neped": -0.572580793004,
            "pinj": 0.262387080506,
            "pinj_ei": 0.0917125314316
        }
    ],
    "tia": [
        "loglinear",
        {
            "const": 2.20664436003,
            "ip": 0.257013410461,
            "bt": 0.478499459074,
            "r": -0.105644690348,
            "a": 0.0544909751076,
            "kappa": 0.0265206537113,
            "delta": 0.234640825927,
            "neped": -0.4654630869,
            "pinj": 0.198020134806,
            "pinj_ei": -0.108115637946
        }
    ]
}